id;fullname;birthdate;memeberdate;email;mobile;adress;note;image;image_content_type
1;Representative Alabama Table;2022-03-17T20:00:58;2022-03-18T06:16:47;"u#Hte@~M+A.9Fi?b";"5569987004";parsing web-enabled;Account;../fake-data/blob/hipster.png;image/png
2;global Virginia;2022-03-17T21:09:37;2022-03-18T13:11:42;"3Og=@aVY.01Q!>?";"6738477793";IB input;loyalty;../fake-data/blob/hipster.png;image/png
3;Account;2022-03-18T16:07:58;2022-03-18T13:30:48;"F$,@0(.p4";"+684539823247";payment;wireless synergistic;../fake-data/blob/hipster.png;image/png
4;Singapore;2022-03-17T22:02:01;2022-03-18T14:22:19;"XtW@;>%r'Y.\k";"0289247909";HTTP Books Center;Reverse-engineered;../fake-data/blob/hipster.png;image/png
5;Tennessee;2022-03-18T06:13:39;2022-03-18T04:41:27;"Kaj@vTt.KLQw1";"9275566022";Buckinghamshire;matrix Plain French;../fake-data/blob/hipster.png;image/png
6;USB;2022-03-17T17:42:04;2022-03-18T12:31:44;"UYR@aCtb.t";"7850781395";Granite monetize Electronics;Tonga Principal;../fake-data/blob/hipster.png;image/png
7;Steel B2C;2022-03-18T02:13:22;2022-03-18T17:06:03;"i@{2.BI>tm";"6514142760";granular;deposit;../fake-data/blob/hipster.png;image/png
8;structure Handmade SMS;2022-03-18T08:13:51;2022-03-18T13:14:42;":*{<*I@u.R.<hYaI-";"+0648167204892";Market infrastructures interfaces;Plastic algorithm;../fake-data/blob/hipster.png;image/png
9;Paradigm Shoes;2022-03-18T05:00:12;2022-03-18T06:32:26;"wu.7H@EUU;8H.A~vUn";"1284360775";deposit frame sensor;Swaziland;../fake-data/blob/hipster.png;image/png
10;matrix Senior Anguilla;2022-03-18T05:36:26;2022-03-18T10:36:18;"L@b.\+6";"1522918403";encoding circuit Saint;Steel reintermediate;../fake-data/blob/hipster.png;image/png
